,Gender,Married,Dependents,Education,Self_Employed,ApplicantIncome,CoapplicantIncome,LoanAmount,Loan_Amount_Term,Credit_History,Property_Area,totalIncome,LogTotalIncome,LogLoanAmount,Loan_Status
0,1,1,0,0,0,5720,0,110.0,360.0,1.0,2,5720,8.651724084373843,4.700480365792417,1
1,1,1,1,0,0,3076,1500,126.0,360.0,1.0,2,4576,8.428580533059634,4.836281906951478,1
2,1,1,2,0,0,5000,1800,208.0,360.0,1.0,2,6800,8.824677891164198,5.337538079701318,1
3,1,1,2,0,0,2340,2546,100.0,360.0,0.8254437869822485,2,4886,8.494129251817686,4.605170185988092,1
4,1,0,0,1,0,3276,0,78.0,360.0,1.0,2,3276,8.09437844497296,4.356708826689592,1
5,1,1,0,1,1,2165,3422,152.0,360.0,1.0,2,5587,8.628197749459149,5.0238805208462765,1
6,0,0,1,1,0,2226,0,59.0,360.0,1.0,1,2226,7.70796153183549,4.07753744390572,1
7,1,1,2,1,0,3881,0,147.0,360.0,0.0,0,3881,8.263848131368906,4.990432586778736,0
8,1,1,2,0,0,13633,0,280.0,240.0,1.0,2,13633,9.520248603186129,5.634789603169249,1
9,1,0,0,1,0,2400,2400,123.0,360.0,1.0,1,4800,8.476371196895983,4.812184355372417,1
10,1,0,0,1,0,3091,0,90.0,360.0,1.0,2,3091,8.036249942132116,4.499809670330265,1
11,1,1,1,0,0,2185,1516,162.0,360.0,1.0,1,3701,8.216358332386156,5.087596335232384,1
12,1,0,3,0,0,4166,0,40.0,180.0,0.8254437869822485,2,4166,8.334711621820917,3.6888794541139363,1
13,1,1,2,0,0,12173,0,166.0,360.0,0.0,1,12173,9.406975663409597,5.111987788356544,0
14,0,0,0,0,0,4666,0,124.0,360.0,1.0,1,4666,8.448057452581375,4.820281565605037,1
15,1,0,1,0,0,5667,0,131.0,360.0,1.0,2,5667,8.64241515616962,4.875197323201151,1
16,1,1,2,0,0,4583,2916,200.0,360.0,1.0,2,7499,8.92252495730139,5.298317366548036,1
17,1,1,3,0,0,3786,333,126.0,360.0,1.0,1,4119,8.323365694436081,4.836281906951478,1
18,1,1,0,0,0,9226,7916,300.0,360.0,1.0,2,17142,9.749286871458828,5.703782474656201,1
19,1,0,0,0,0,1300,3470,100.0,180.0,1.0,1,4770,8.470101583882387,4.605170185988092,1
20,1,1,1,1,0,1888,1620,48.0,360.0,1.0,2,3508,8.162801353492073,3.871201010907891,1
21,0,0,3,1,0,2083,0,28.0,180.0,1.0,2,2083,7.641564441260972,3.332204510175204,1
22,1,0,0,0,0,3909,0,101.0,360.0,1.0,2,3909,8.271036865792954,4.61512051684126,1
23,0,0,0,1,0,3765,0,125.0,360.0,1.0,2,3765,8.233503140233994,4.8283137373023015,1
24,1,1,0,0,0,5400,4380,290.0,360.0,1.0,2,9780,9.188094763028863,5.66988092298052,1
25,1,0,0,0,0,0,24000,148.0,360.0,0.0,0,24000,10.085809109330082,4.997212273764115,0
26,1,1,2,0,0,4363,1250,140.0,360.0,0.8254437869822485,2,5613,8.6328406149422,4.941642422609304,1
27,1,1,0,0,0,7500,3750,275.0,360.0,1.0,2,11250,9.328123407632566,5.616771097666572,1
28,1,1,0,0,0,3772,833,57.0,360.0,0.8254437869822485,1,4605,8.434897948689407,4.04305126783455,1
29,1,0,0,0,0,2942,2382,125.0,180.0,1.0,2,5324,8.579980179515003,4.8283137373023015,1
30,0,0,0,1,0,2478,0,75.0,360.0,1.0,1,2478,7.815207062189088,4.31748811353631,1
31,1,1,2,0,0,6250,820,192.0,360.0,1.0,2,7070,8.863615758890619,5.2574953720277815,1
32,1,0,0,0,0,3268,1683,152.0,360.0,1.0,1,4951,8.507344855361422,5.0238805208462765,1
33,1,1,0,0,0,2783,2708,158.0,360.0,1.0,2,5491,8.610865667278873,5.062595033026967,1
34,1,1,0,0,0,2740,1541,101.0,360.0,1.0,2,4281,8.361941906144946,4.61512051684126,1
35,1,0,0,0,0,3150,0,176.0,360.0,0.0,1,3150,8.055157731819678,5.170483995038151,0
36,1,1,2,0,0,7350,4029,185.0,180.0,1.0,2,11379,9.339524830357009,5.220355825078324,1
37,1,1,0,0,1,2267,2792,90.0,360.0,1.0,2,5059,8.528924114291936,4.499809670330265,1
38,1,0,0,0,1,5833,0,116.0,360.0,1.0,2,5833,8.671286726753637,4.7535901911063645,1
39,1,0,0,0,0,3643,1963,138.0,360.0,1.0,2,5606,8.631592731724734,4.927253685157205,1
40,1,1,0,0,0,5629,818,100.0,360.0,1.0,2,6447,8.77137018531062,4.605170185988092,1
41,0,0,0,0,0,3644,0,110.0,360.0,1.0,2,3644,8.200837258379849,4.700480365792417,1
42,1,1,0,1,0,1750,2024,90.0,360.0,1.0,1,3774,8.235890725928495,4.499809670330265,1
43,1,0,0,0,0,6500,2600,200.0,360.0,1.0,1,9100,9.116029692504942,5.298317366548036,1
44,0,0,0,0,0,3666,0,84.0,360.0,1.0,2,3666,8.20685642839965,4.430816798843313,1
45,1,1,0,0,0,4260,3900,185.0,342.53739612188366,0.8254437869822485,2,8160,9.006999447958153,5.220355825078324,1
46,1,1,0,1,0,4163,1475,162.0,360.0,1.0,2,5638,8.637284671674058,5.087596335232384,1
47,1,0,0,1,0,2356,1902,108.0,360.0,1.0,1,4258,8.356554845453426,4.68213122712422,1
48,1,0,0,0,0,6792,3338,187.0,342.53739612188366,1.0,2,10130,9.22325659724273,5.231108616854587,1
49,1,1,3,1,1,8000,250,187.0,360.0,1.0,1,8250,9.017968479328726,5.231108616854587,1
50,1,1,1,0,0,2419,1707,124.0,360.0,1.0,2,4126,8.325063693631197,4.820281565605037,1
51,1,1,3,1,0,3500,833,120.0,360.0,1.0,1,4333,8.374015421739909,4.787491742782046,1
52,1,1,1,0,0,3500,3077,160.0,360.0,1.0,1,6577,8.79133399330135,5.075173815233827,1
53,1,1,2,0,0,4116,1000,30.0,180.0,1.0,2,5116,8.540128162698734,3.4011973816621555,1
54,1,1,0,1,1,5293,0,92.0,360.0,1.0,2,5293,8.574140471857987,4.5217885770490405,1
55,1,0,0,0,0,2750,0,130.0,360.0,0.0,2,2750,7.919356190660617,4.867534450455582,0
56,0,0,0,1,0,4402,0,130.0,360.0,1.0,0,4402,8.389814262086407,4.867534450455582,1
57,1,1,2,0,0,3613,3539,134.0,180.0,1.0,1,7152,8.87514731685335,4.897839799950911,1
58,0,1,2,0,0,2779,3664,176.0,360.0,0.0,1,6443,8.770749549138642,5.170483995038151,0
59,1,1,3,0,0,4720,0,90.0,180.0,1.0,1,4720,8.459564078579602,4.499809670330265,1
60,1,1,0,1,0,2415,1721,110.0,360.0,1.0,1,4136,8.327484416188264,4.700480365792417,1
61,1,1,0,0,1,7016,292,125.0,360.0,1.0,2,7308,8.896724917497897,4.8283137373023015,1
62,0,0,2,0,0,4968,0,189.0,360.0,1.0,1,4968,8.510772623613315,5.241747015059643,1
63,0,0,0,0,0,2101,1500,108.0,360.0,0.0,0,3601,8.188966863648876,4.68213122712422,0
64,1,1,3,1,0,4490,0,125.0,360.0,1.0,2,4490,8.4096079807363,4.8283137373023015,1
65,1,1,0,0,0,2917,3583,138.0,360.0,1.0,1,6500,8.779557455883728,4.927253685157205,1
66,1,1,0,1,0,4700,0,135.0,360.0,0.0,1,4700,8.45531778769815,4.90527477843843,0
67,1,1,0,0,0,3445,0,130.0,360.0,0.0,1,3445,8.144679183447758,4.867534450455582,0
68,1,1,0,0,0,7666,0,187.0,360.0,1.0,1,7666,8.9445502459405,5.231108616854587,1
69,1,1,0,0,0,2458,5105,188.0,360.0,0.0,0,7563,8.93102321585603,5.236441962829949,0
70,0,0,0,0,0,3250,0,95.0,360.0,1.0,1,3250,8.086410275323782,4.553876891600541,1
71,1,0,0,0,0,4463,0,65.0,360.0,1.0,1,4463,8.40357646462927,4.174387269895637,1
72,1,1,1,0,0,4083,1775,139.0,60.0,1.0,2,5858,8.675563527387679,4.9344739331306915,1
73,1,1,0,0,1,3900,2094,232.0,360.0,1.0,0,5994,8.69851424787661,5.44673737166631,1
74,1,1,0,1,0,4750,3583,144.0,360.0,1.0,1,8333,9.027978814382207,4.969813299576001,1
75,1,0,0,0,0,3583,3435,155.0,360.0,1.0,2,7018,8.85623355614316,5.043425116919247,1
76,1,1,0,0,0,3189,2367,186.0,360.0,1.0,2,5556,8.622633703874234,5.225746673713202,1
77,1,0,0,0,1,6356,0,50.0,360.0,1.0,0,6356,8.757154527656606,3.912023005428146,1
78,1,1,1,0,0,3413,4053,136.13259668508286,360.0,1.0,1,7466,8.91811465947453,4.91362938638163,1
79,0,1,0,0,0,7950,0,185.0,360.0,1.0,2,7950,8.980927207648378,5.220355825078324,1
80,1,1,3,0,0,3829,1103,163.0,360.0,0.0,2,4932,8.503499864284235,5.093750200806762,0
81,1,1,3,0,0,72529,0,360.0,360.0,1.0,2,72529,11.191741760864094,5.886104031450156,1
82,1,1,2,1,0,4136,0,149.0,480.0,0.0,0,4136,8.327484416188264,5.003946305945459,0
83,1,1,0,0,0,8449,0,257.0,360.0,1.0,0,8449,9.041803370152845,5.54907608489522,1
84,1,1,0,0,0,4456,0,131.0,180.0,0.0,1,4456,8.40200678160712,4.875197323201151,0
85,1,1,2,0,0,4635,8000,102.0,180.0,1.0,0,12635,9.444226019822295,4.624972813284271,1
86,1,1,0,0,0,3571,1917,135.0,360.0,1.0,2,5488,8.610319169405722,4.90527477843843,1
87,1,0,0,0,0,3066,0,95.0,360.0,1.0,1,3066,8.028129059431759,4.553876891600541,1
88,1,0,2,1,0,3235,2015,77.0,360.0,1.0,1,5250,8.565983355585669,4.343805421853684,1
89,0,0,0,0,0,5058,0,200.0,360.0,1.0,0,5058,8.52872642722991,5.298317366548036,1
90,1,1,0,0,1,3188,2286,130.0,360.0,0.8254437869822485,0,5474,8.607764889600624,4.867534450455582,1
91,1,1,3,0,0,13518,0,390.0,360.0,1.0,0,13518,9.511777409660299,5.966146739123692,1
92,1,1,1,0,0,4364,2500,185.0,360.0,1.0,1,6864,8.834045641167798,5.220355825078324,1
93,1,1,2,1,0,4766,1646,100.0,360.0,1.0,1,6412,8.765926513729443,4.605170185988092,1
94,1,1,1,0,0,4609,2333,123.0,360.0,0.0,1,6942,8.845345196421732,4.812184355372417,0
95,0,1,3,0,0,6260,0,110.0,360.0,1.0,1,6260,8.741935464094144,4.700480365792417,1
96,1,1,1,0,0,3333,4200,256.0,360.0,1.0,2,7533,8.927048647825695,5.545177444479562,1
97,1,1,0,0,0,3500,3250,140.0,360.0,1.0,1,6750,8.817297783866575,4.941642422609304,1
98,1,1,3,0,0,9719,0,61.0,360.0,1.0,2,9719,9.181838011503471,4.110873864173311,1
99,1,1,3,0,0,6835,0,188.0,360.0,0.8254437869822485,1,6835,8.82981174915805,5.236441962829949,1
100,1,0,0,0,0,4452,0,131.0,360.0,1.0,0,4452,8.401108712395436,4.875197323201151,1
101,0,1,0,0,0,2262,0,136.13259668508286,480.0,0.0,1,2262,7.724004656676065,4.91362938638163,0
102,1,1,1,0,0,3901,0,116.0,360.0,1.0,2,3901,8.268988209506656,4.7535901911063645,1
103,1,1,2,1,0,2687,0,50.0,180.0,1.0,0,2687,7.8961806086154915,3.912023005428146,1
104,1,0,0,0,0,2243,2233,107.0,360.0,0.8254437869822485,1,4476,8.406485069431817,4.672828834461906,1
105,0,1,0,0,0,3417,1287,200.0,360.0,1.0,1,4704,8.456168489578463,5.298317366548036,1
106,1,0,0,0,0,1596,1760,119.0,360.0,0.0,2,3356,8.118505067587098,4.77912349311153,0
107,1,1,3,0,0,4513,0,120.0,360.0,1.0,0,4513,8.414717399827001,4.787491742782046,1
108,1,1,0,0,0,4500,0,140.0,360.0,1.0,1,4500,8.411832675758411,4.941642422609304,1
109,1,1,0,1,0,4523,1350,165.0,360.0,1.0,2,5873,8.67812085552252,5.10594547390058,1
110,0,0,0,0,1,4742,0,108.0,360.0,1.0,1,4742,8.464214266625351,4.68213122712422,1
111,1,1,0,0,0,4082,0,93.0,360.0,1.0,1,4082,8.31434234336979,4.532599493153256,1
112,0,0,0,0,0,3417,0,102.0,360.0,1.0,2,3417,8.136518252115291,4.624972813284271,1
113,0,1,2,0,0,2922,3396,122.0,360.0,1.0,1,6318,8.75115798136203,4.804021044733257,1
114,1,1,0,0,0,4167,4754,160.0,360.0,1.0,0,8921,9.096163326913784,5.075173815233827,1
115,1,0,3,0,0,4243,4123,157.0,360.0,0.8254437869822485,1,8366,9.031931152002144,5.056245805348308,1
116,0,0,0,1,0,0,1760,180.0,360.0,1.0,1,1760,7.473069088032197,5.19295685089021,1
117,1,1,1,0,0,1516,2900,80.0,342.53739612188366,0.0,0,4416,8.392989587956931,4.382026634673881,0
118,0,0,0,0,0,1762,2666,104.0,360.0,0.0,2,4428,8.395703293828527,4.6443908991413725,0
119,1,1,2,0,0,724,3510,213.0,360.0,0.0,0,4234,8.350902451694811,5.3612921657094255,0
120,1,0,0,0,0,3125,0,65.0,360.0,1.0,2,3125,8.047189562170502,4.174387269895637,1
121,1,1,0,0,0,2333,3803,146.0,360.0,1.0,0,6136,8.721928343047091,4.983606621708336,1
122,1,1,3,0,0,3350,1560,135.0,360.0,1.0,2,4910,8.499029220788566,4.90527477843843,1
123,1,0,0,0,0,2500,6414,187.0,360.0,0.0,0,8914,9.0953783535065,5.231108616854587,0
124,0,0,0,0,0,12500,0,300.0,360.0,0.0,2,12500,9.433483923290392,5.703782474656201,0
125,1,0,0,0,0,4667,0,120.0,360.0,1.0,1,4667,8.448271745949816,4.787491742782046,1
126,1,0,0,0,0,6500,0,71.0,360.0,0.0,2,6500,8.779557455883728,4.2626798770413155,0
127,1,1,2,0,0,7500,0,225.0,360.0,1.0,2,7500,8.922658299524402,5.41610040220442,1
128,1,0,0,0,0,3073,0,70.0,180.0,1.0,2,3073,8.030409562130485,4.248495242049359,1
129,1,1,1,1,0,3321,2088,70.0,342.53739612188366,1.0,1,5409,8.595819511871428,4.248495242049359,1
130,1,1,0,0,0,3333,1270,124.0,360.0,1.0,2,4603,8.434463543817241,4.820281565605037,1
131,1,0,0,0,0,3391,0,132.0,360.0,1.0,0,3391,8.128880142125638,4.882801922586371,1
132,1,1,1,0,1,3343,1517,105.0,360.0,1.0,0,4860,8.48879371689454,4.653960350157523,1
133,0,0,1,0,0,3620,0,90.0,360.0,1.0,2,3620,8.194229304819817,4.499809670330265,1
134,1,0,0,0,0,4000,0,83.0,84.0,1.0,2,4000,8.294049640102028,4.418840607796598,1
135,1,1,0,0,0,4258,0,125.0,360.0,1.0,2,4258,8.356554845453426,4.8283137373023015,1
136,1,1,2,0,0,4500,0,147.0,360.0,1.0,0,4500,8.411832675758411,4.990432586778736,1
137,1,1,1,0,0,2014,2925,120.0,360.0,1.0,0,4939,8.504918160540624,4.787491742782046,1
138,1,0,0,0,0,3333,1250,110.0,360.0,1.0,1,4583,8.430109084509125,4.700480365792417,1
139,0,0,3,0,0,4083,0,103.0,360.0,0.8254437869822485,1,4083,8.314587291319576,4.634728988229636,1
140,1,0,0,0,0,4727,0,150.0,360.0,0.0,0,4727,8.461046030793236,5.0106352940962555,0
141,1,1,3,0,0,3089,2999,100.0,240.0,1.0,0,6088,8.714074899541522,4.605170185988092,1
142,1,1,3,1,0,6794,528,139.0,360.0,0.0,2,7322,8.898638793680181,4.9344739331306915,0
143,1,1,0,0,1,32000,0,550.0,360.0,0.8254437869822485,1,32000,10.373491181781864,6.309918278226516,1
144,1,1,2,0,1,10890,0,260.0,12.0,1.0,0,10890,9.295600215927006,5.560681631015528,1
145,0,0,0,0,0,12941,0,150.0,300.0,1.0,2,12941,9.46815584482167,5.0106352940962555,1
146,1,0,0,1,0,3276,0,90.0,360.0,1.0,1,3276,8.09437844497296,4.499809670330265,1
147,1,0,0,1,1,8703,0,199.0,360.0,0.0,0,8703,9.071423072789514,5.293304824724492,0
148,1,1,1,0,0,4742,717,139.0,360.0,1.0,1,5459,8.605020901781758,4.9344739331306915,1
149,1,0,0,0,0,5900,0,150.0,360.0,1.0,2,5900,8.68270762989381,5.0106352940962555,1
150,1,0,0,0,0,3071,4309,180.0,360.0,1.0,2,7380,8.906528917594517,5.19295685089021,1
151,1,1,0,0,0,2783,1456,113.0,360.0,1.0,2,4239,8.352082671352637,4.727387818712341,1
152,1,0,0,0,0,5000,0,148.0,360.0,1.0,0,5000,8.517193191416238,4.997212273764115,1
153,1,1,1,1,0,2463,2360,117.0,360.0,0.0,2,4823,8.481151420068972,4.762173934797756,0
154,1,1,2,0,0,4855,0,72.0,360.0,1.0,0,4855,8.487764380725425,4.276666119016055,1
155,1,0,0,1,1,1599,2474,125.0,300.0,1.0,1,4073,8.312135107648412,4.8283137373023015,1
156,1,1,2,0,1,4246,4246,214.0,360.0,1.0,2,8492,9.046879822823147,5.365976015021851,1
157,1,1,0,0,0,4333,2291,133.0,350.0,1.0,0,6624,8.798454696065095,4.890349128221754,1
158,1,0,1,0,0,5823,2529,187.0,360.0,1.0,1,8352,9.03025631012242,5.231108616854587,1
159,1,1,0,1,0,7895,0,143.0,360.0,1.0,0,7895,8.973984926689743,4.962844630259907,1
160,1,0,0,0,0,4150,4256,209.0,360.0,1.0,0,8406,9.036701015565063,5.342334251964811,1
161,1,0,0,0,0,2964,0,84.0,360.0,0.0,1,2964,7.994294986415977,4.430816798843313,0
162,1,0,0,0,0,5583,0,116.0,360.0,1.0,2,5583,8.62748154531036,4.7535901911063645,1
163,0,0,0,0,0,2708,0,65.0,360.0,1.0,0,2708,7.903965634032166,4.174387269895637,1
164,1,0,1,0,0,3180,2370,80.0,240.0,0.8254437869822485,0,5550,8.62155320674048,4.382026634673881,1
165,1,0,0,1,0,2268,0,170.0,360.0,0.0,1,2268,7.7266536648476425,5.135798437050262,0
166,1,0,2,1,0,1141,2017,120.0,360.0,0.0,2,3158,8.057694194815587,4.787491742782046,0
167,1,1,0,0,0,3042,3167,135.0,360.0,1.0,2,6209,8.733755131364893,4.90527477843843,1
168,0,1,3,0,0,1750,2935,94.0,360.0,0.0,1,4685,8.452121194672523,4.543294782270004,0
169,0,1,1,0,0,3564,0,79.0,360.0,1.0,0,3564,8.1786387885907,4.3694478524670215,1
170,0,0,0,0,0,3958,0,110.0,360.0,1.0,0,3958,8.28349412616251,4.700480365792417,1
171,1,1,2,1,0,4483,0,130.0,360.0,1.0,0,4483,8.40804774415544,4.867534450455582,1
172,1,1,0,0,0,5225,0,143.0,360.0,1.0,0,5225,8.561210076833012,4.962844630259907,1
173,1,0,0,0,0,3017,2845,159.0,180.0,0.0,2,5862,8.676246121270838,5.0689042022202315,0
174,1,1,0,1,0,2431,1820,110.0,360.0,0.0,0,4251,8.35490952835879,4.700480365792417,0
175,1,1,2,0,0,4912,4614,160.0,360.0,1.0,0,9526,9.161780181360806,5.075173815233827,1
176,1,1,2,1,0,2500,3333,131.0,360.0,1.0,2,5833,8.671286726753637,4.875197323201151,1
177,0,0,0,0,0,2918,0,65.0,360.0,0.8254437869822485,0,2918,7.978653729082731,4.174387269895637,1
178,1,1,2,0,0,5128,0,143.0,360.0,1.0,0,5128,8.542470998600505,4.962844630259907,1
179,1,1,3,0,0,15312,0,187.0,360.0,0.8254437869822485,2,15312,9.636392113692736,5.231108616854587,1
180,1,1,2,0,0,3958,2632,160.0,360.0,1.0,1,6590,8.793308627496552,5.075173815233827,1
181,1,1,0,0,0,4334,2945,165.0,360.0,1.0,1,7279,8.892748769118258,5.10594547390058,1
182,1,1,2,0,0,4358,0,110.0,360.0,1.0,2,4358,8.379768515504566,4.700480365792417,1
183,0,1,1,0,0,4000,3917,173.0,360.0,1.0,0,7917,8.976767625171433,5.153291594497779,1
184,1,1,3,0,0,10166,750,150.0,342.53739612188366,1.0,2,10916,9.29798488182823,5.0106352940962555,1
185,1,1,0,1,0,4483,0,135.0,360.0,0.8254437869822485,1,4483,8.40804774415544,4.90527477843843,1
186,1,1,2,1,0,4521,1184,150.0,360.0,1.0,1,5705,8.649098262296176,5.0106352940962555,1
187,1,1,2,0,0,9167,0,235.0,360.0,1.0,1,9167,9.123365357961776,5.459585514144159,1
188,1,1,0,1,0,13083,0,136.13259668508286,360.0,1.0,0,13083,9.479068956510876,4.91362938638163,1
189,1,1,2,0,0,7874,3967,336.0,360.0,1.0,0,11841,9.379323364330956,5.817111159963204,1
190,0,1,1,0,0,4333,0,132.0,84.0,1.0,0,4333,8.374015421739909,4.882801922586371,1
191,1,0,0,0,0,4083,0,96.0,360.0,1.0,2,4083,8.314587291319576,4.564348191467836,1
192,1,1,2,1,0,3785,2912,180.0,360.0,0.0,0,6697,8.80941494391005,5.19295685089021,0
193,1,1,3,1,0,2654,1998,128.0,360.0,0.0,0,4652,8.445052513638554,4.852030263919617,0
194,1,1,1,0,0,10000,2690,412.0,360.0,1.0,1,12690,9.448569560708433,6.021023349349527,1
195,1,0,0,0,1,5833,0,116.0,360.0,1.0,2,5833,8.671286726753637,4.7535901911063645,1
196,1,1,1,0,0,4796,0,114.0,360.0,0.0,1,4796,8.475537516147405,4.736198448394496,0
197,1,1,0,1,0,2000,1600,115.0,360.0,1.0,0,3600,8.1886891244442,4.74493212836325,1
198,1,1,2,0,0,2540,700,104.0,360.0,0.0,2,3240,8.083328608786376,4.6443908991413725,0
199,1,1,0,0,1,1900,1442,88.0,360.0,1.0,0,3342,8.114324709155339,4.477336814478207,1
200,1,1,0,0,1,8706,0,108.0,480.0,1.0,0,8706,9.071767722112243,4.68213122712422,1
201,1,1,3,1,0,2855,542,90.0,360.0,1.0,2,3397,8.130647968160584,4.499809670330265,1
202,1,1,0,0,0,3016,1300,100.0,360.0,0.8254437869822485,2,4316,8.370084326378025,4.605170185988092,1
203,0,1,0,0,0,3159,2374,108.0,360.0,1.0,1,5533,8.618485442898109,4.68213122712422,1
204,0,0,0,0,0,1937,1152,78.0,360.0,1.0,1,3089,8.035602692918582,4.356708826689592,1
205,1,1,0,0,0,2613,2417,123.0,360.0,1.0,1,5030,8.523175263093785,4.812184355372417,1
206,1,1,1,0,0,4960,2600,187.0,360.0,1.0,1,7560,8.930626469173578,5.231108616854587,1
207,1,1,1,0,0,3074,1083,146.0,360.0,1.0,1,4157,8.332548939252638,4.983606621708336,1
208,0,0,0,0,0,4213,0,80.0,360.0,1.0,2,4213,8.345930261979017,4.382026634673881,1
209,1,0,1,1,0,2038,4027,100.0,360.0,1.0,0,6065,8.71028982137815,4.605170185988092,1
210,0,0,0,0,0,2362,0,55.0,360.0,1.0,2,2362,7.767263996757308,4.007333185232471,1
211,1,0,0,0,0,5333,2400,200.0,360.0,0.0,0,7733,8.953252164609035,5.298317366548036,0
212,1,1,3,0,1,5384,0,150.0,360.0,1.0,1,5384,8.591186871324563,5.0106352940962555,1
213,1,0,0,0,0,5708,0,150.0,360.0,1.0,0,5708,8.649623978596727,5.0106352940962555,1
214,1,1,0,1,0,3754,3719,118.0,342.53739612188366,1.0,0,7473,8.91905180393029,4.770684624465665,1
215,1,1,0,1,0,2914,2130,150.0,300.0,1.0,2,5044,8.52595469708481,5.0106352940962555,1
216,1,1,0,1,0,2747,2458,118.0,36.0,1.0,1,5205,8.557374981049069,4.770684624465665,1
217,1,1,0,0,0,7830,2183,212.0,360.0,1.0,0,10013,9.211639527707803,5.356586274672012,1
218,1,1,1,0,1,3507,3148,212.0,360.0,1.0,0,6655,8.803123730829212,5.356586274672012,1
219,1,1,1,0,0,3747,2139,125.0,360.0,1.0,2,5886,8.680331928793418,4.8283137373023015,1
220,1,1,0,0,0,2166,2166,108.0,360.0,0.8254437869822485,2,4332,8.37378460812088,4.68213122712422,1
221,1,1,0,1,0,3500,2168,149.0,360.0,1.0,0,5668,8.64259160081057,5.003946305945459,1
222,1,1,2,1,0,2896,0,80.0,480.0,1.0,2,2896,7.971085753505607,4.382026634673881,1
223,0,0,1,0,0,5062,0,152.0,300.0,1.0,0,5062,8.529516941105069,5.0238805208462765,1
224,0,0,2,0,1,5184,0,187.0,360.0,0.0,1,5184,8.55333223803211,5.231108616854587,0
225,0,0,0,0,0,2545,0,74.0,360.0,1.0,2,2545,7.841885928984623,4.30406509320417,1
226,1,1,0,0,0,2553,1768,102.0,360.0,1.0,2,4321,8.371242135931933,4.624972813284271,1
227,1,1,1,0,0,3436,3809,100.0,360.0,1.0,0,7245,8.888066854754783,4.605170185988092,1
228,1,0,0,0,0,2412,2755,130.0,360.0,1.0,0,5167,8.550047528287184,4.867534450455582,1
229,1,1,3,1,0,5180,0,125.0,360.0,0.0,2,5180,8.55256033525353,4.8283137373023015,0
230,1,0,0,0,0,14911,14507,130.0,360.0,1.0,1,29418,10.289362010879287,4.867534450455582,1
231,1,0,0,0,1,2860,2988,138.0,360.0,1.0,2,5848,8.673855001429615,4.927253685157205,1
232,1,1,0,0,0,1173,1594,28.0,180.0,1.0,0,2767,7.925518979786926,3.332204510175204,1
233,0,0,1,0,0,7600,0,92.0,360.0,1.0,1,7600,8.935903526274423,4.5217885770490405,1
234,0,1,0,0,0,2157,1788,104.0,360.0,1.0,2,3945,8.280204233279974,4.6443908991413725,1
235,1,0,0,0,0,2231,2774,176.0,360.0,0.0,2,5005,8.518192691749322,5.170483995038151,0
236,0,0,0,0,0,2274,5211,117.0,360.0,0.0,1,7485,8.920656296853728,4.762173934797756,0
237,1,1,2,1,0,6166,13983,102.0,360.0,1.0,0,20149,9.910909938351766,4.624972813284271,1
238,1,1,2,1,0,2513,1110,107.0,360.0,1.0,1,3623,8.195057690895077,4.672828834461906,1
239,1,0,0,0,0,4333,0,66.0,480.0,1.0,2,4333,8.374015421739909,4.189654742026425,1
240,1,0,0,1,0,3844,0,105.0,360.0,1.0,2,3844,8.254268770090183,4.653960350157523,1
241,1,1,0,0,0,3887,1517,105.0,360.0,0.0,1,5404,8.59489469908009,4.653960350157523,0
242,1,1,0,0,0,3510,828,105.0,360.0,1.0,1,4338,8.37516869138682,4.653960350157523,1
243,1,1,0,0,0,2539,1704,125.0,360.0,0.0,0,4243,8.353025845202325,4.8283137373023015,0
244,0,0,0,1,0,2107,0,64.0,360.0,1.0,1,2107,7.653020413804189,4.1588830833596715,1
245,1,1,0,0,0,3186,3145,150.0,180.0,0.0,1,6331,8.753213480544126,5.0106352940962555,0
246,1,1,2,0,1,5000,2166,150.0,360.0,1.0,2,7166,8.8771028978649,5.0106352940962555,1
247,1,1,0,0,0,10000,0,136.13259668508286,360.0,1.0,2,10000,9.210340371976184,4.91362938638163,1
248,1,1,0,1,1,3943,0,64.0,360.0,1.0,1,3943,8.279697133877628,4.1588830833596715,1
249,1,0,0,0,0,2925,0,40.0,180.0,1.0,0,2925,7.981049759665957,3.6888794541139363,1
250,1,1,3,0,0,3242,437,142.0,480.0,0.0,2,3679,8.210396255104774,4.955827057601261,0
251,1,1,0,0,0,3863,0,70.0,300.0,1.0,1,3863,8.259199362666282,4.248495242049359,1
252,0,0,1,0,0,4028,0,131.0,360.0,1.0,1,4028,8.301025253838453,4.875197323201151,1
253,1,1,2,0,0,4010,1025,120.0,360.0,1.0,2,5035,8.524168805152662,4.787491742782046,1
254,0,1,1,0,0,3719,1585,114.0,360.0,1.0,2,5304,8.576216531865699,4.736198448394496,1
255,1,0,0,0,0,2858,0,123.0,360.0,0.0,0,2858,7.957877358489813,4.812184355372417,0
256,0,1,0,0,0,3833,0,92.0,360.0,1.0,0,3833,8.251403065380556,4.5217885770490405,1
257,1,1,0,0,0,3333,4288,160.0,360.0,1.0,2,7621,8.938662873666118,5.075173815233827,1
258,1,1,0,0,0,3007,3725,151.0,360.0,1.0,0,6732,8.814627555310697,5.017279836814924,1
259,0,0,1,0,0,1850,4583,81.0,360.0,0.8254437869822485,0,6433,8.769196271411001,4.394449154672439,1
260,1,1,3,1,0,2792,2619,171.0,360.0,1.0,1,5411,8.596189197642735,5.14166355650266,1
261,1,1,0,0,0,2982,1550,110.0,360.0,1.0,1,4532,8.418918622147897,4.700480365792417,1
262,1,0,0,0,0,3417,738,100.0,360.0,0.8254437869822485,0,4155,8.332067707289548,4.605170185988092,1
263,1,1,1,0,0,18840,0,234.0,360.0,1.0,0,18840,9.843737548130354,5.455321115357702,1
264,1,1,2,0,0,2995,1120,184.0,360.0,1.0,0,4115,8.32239411311117,5.214935757608986,1
265,1,0,0,0,0,3579,3308,138.0,360.0,0.8254437869822485,1,6887,8.837390855544697,4.927253685157205,1
266,0,1,1,1,0,3835,1400,112.0,480.0,0.0,2,5235,8.563122123304638,4.718498871295094,0
267,0,0,1,1,0,3854,3575,117.0,360.0,1.0,0,7429,8.913146539151807,4.762173934797756,1
268,1,1,2,0,0,5833,750,49.0,360.0,0.0,0,6583,8.792245847467877,3.8918202981106265,0
269,1,0,0,0,0,3508,0,99.0,360.0,1.0,0,3508,8.162801353492073,4.59511985013459,1
270,0,1,3,1,0,1635,2444,99.0,360.0,1.0,2,4079,8.313607139317558,4.59511985013459,1
271,0,0,0,0,1,3333,3916,212.0,360.0,1.0,0,7249,8.888618807300878,5.356586274672012,1
272,1,0,1,0,0,24797,0,240.0,360.0,1.0,1,24797,10.118477957093951,5.480638923341991,1
273,1,1,2,0,0,5667,440,130.0,360.0,0.0,1,6107,8.717190933223135,4.867534450455582,0
274,0,0,0,0,0,3500,0,94.0,360.0,0.0,1,3500,8.160518247477505,4.543294782270004,0
275,1,1,3,0,0,2773,1497,108.0,360.0,1.0,1,4270,8.35936910622267,4.68213122712422,1
276,1,1,0,0,0,6500,0,144.0,360.0,1.0,2,6500,8.779557455883728,4.969813299576001,1
277,0,0,0,0,0,5769,0,110.0,180.0,1.0,1,5769,8.660254034256889,4.700480365792417,1
278,1,1,3,1,0,3634,910,176.0,360.0,0.0,1,4544,8.421562960400987,5.170483995038151,0
279,1,0,0,0,0,29167,0,185.0,360.0,1.0,1,29167,10.280793212183719,5.220355825078324,1
280,1,0,0,0,0,2166,2057,122.0,360.0,1.0,1,4223,8.348301054933943,4.804021044733257,1
281,1,1,0,0,0,5000,0,126.0,360.0,1.0,0,5000,8.517193191416238,4.836281906951478,1
282,0,0,0,0,0,5530,0,135.0,360.0,0.8254437869822485,2,5530,8.61794309451638,4.90527477843843,1
283,1,0,0,1,0,9000,0,122.0,360.0,1.0,0,9000,9.104979856318357,4.804021044733257,1
284,0,1,2,0,0,10000,11666,460.0,360.0,1.0,2,21666,9.983499490505512,6.131226489483141,1
285,1,1,1,0,0,8750,0,297.0,360.0,1.0,2,8750,9.07680897935166,5.6937321388027,1
286,1,1,0,1,0,2157,2730,140.0,360.0,0.8254437869822485,0,4887,8.494333897270154,4.941642422609304,1
287,1,0,0,0,0,1972,4347,106.0,360.0,1.0,0,6319,8.751316246773456,4.663439094112067,1
288,1,0,0,0,0,4983,0,141.0,360.0,1.0,2,4983,8.513787398281405,4.948759890378168,1
289,1,1,1,0,0,8333,4000,136.13259668508286,360.0,1.0,2,12333,9.420033875565988,4.91362938638163,1
290,1,1,0,0,0,3667,2000,170.0,360.0,1.0,1,5667,8.64241515616962,5.135798437050262,1
291,1,1,2,0,0,3166,2833,145.0,360.0,1.0,2,5999,8.699348067653093,4.976733742420574,1
292,1,0,0,1,0,3271,0,90.0,360.0,1.0,0,3271,8.092851027538384,4.499809670330265,1
293,0,1,0,0,0,2241,2000,88.0,360.0,0.0,2,4241,8.352554369474591,4.477336814478207,0
294,1,1,1,1,0,1792,2565,128.0,360.0,1.0,2,4357,8.379539026117442,4.852030263919617,1
295,0,1,0,0,0,2666,0,84.0,480.0,1.0,1,2666,7.888334500738654,4.430816798843313,1
296,1,0,0,0,0,6478,0,108.0,360.0,1.0,1,6478,8.776167099731275,4.68213122712422,1
297,1,0,0,1,0,3808,0,83.0,360.0,1.0,0,3808,8.244859395911256,4.418840607796598,1
298,0,1,2,1,0,3729,0,117.0,360.0,1.0,1,3729,8.22389538017882,4.762173934797756,1
299,1,1,2,0,0,4120,0,128.0,360.0,1.0,0,4120,8.323608442343572,4.852030263919617,1
300,1,1,1,0,1,7500,0,75.0,360.0,1.0,2,7500,8.922658299524402,4.31748811353631,1
301,1,1,1,0,0,6300,0,125.0,360.0,0.0,2,6300,8.748304912379623,4.8283137373023015,0
302,0,0,0,0,1,14987,0,177.0,360.0,1.0,0,14987,9.614938437644996,5.176149732573829,1
303,1,1,1,1,1,570,2125,68.0,360.0,1.0,0,2695,7.899153483343097,4.219507705176107,1
304,1,1,0,0,0,2600,700,96.0,360.0,1.0,1,3300,8.101677747454572,4.564348191467836,1
305,1,0,2,1,0,2733,1083,180.0,360.0,0.8254437869822485,1,3816,8.246958032568177,5.19295685089021,0
306,1,1,2,0,1,7500,0,183.0,360.0,1.0,0,7500,8.922658299524402,5.209486152841421,1
307,1,1,2,1,0,3859,0,121.0,360.0,1.0,0,3859,8.258163361537619,4.795790545596741,1
308,1,1,1,0,0,6825,0,162.0,360.0,1.0,0,6825,8.82834762005316,5.087596335232384,1
309,1,1,0,0,0,3708,4700,132.0,360.0,1.0,1,8408,9.036938912556787,4.882801922586371,1
310,1,0,0,0,0,5314,0,147.0,360.0,1.0,2,5314,8.57810012631976,4.990432586778736,1
311,0,0,3,0,0,2366,5272,153.0,360.0,0.0,0,7638,8.940891067785461,5.030437921392435,0
312,1,0,0,0,0,2066,2108,104.0,84.0,1.0,2,4174,8.336630087637147,4.6443908991413725,1
313,1,1,2,0,0,5000,0,149.0,360.0,1.0,0,5000,8.517193191416238,5.003946305945459,1
314,0,0,0,0,0,3767,0,134.0,300.0,1.0,2,3767,8.23403420769204,4.897839799950911,1
315,0,1,0,0,0,7859,879,165.0,180.0,1.0,1,8738,9.075436609511382,5.10594547390058,1
316,0,1,0,0,0,4283,0,120.0,360.0,1.0,0,4283,8.36240897761537,4.787491742782046,1
317,1,1,0,1,0,1700,2900,67.0,360.0,0.0,2,4600,8.433811582477187,4.204692619390966,0
318,1,0,0,1,0,4768,0,125.0,360.0,1.0,0,4768,8.469682208745185,4.8283137373023015,1
319,1,0,0,0,0,3083,2738,120.0,360.0,1.0,2,5821,8.669227347271736,4.787491742782046,1
320,1,1,1,0,0,2667,1542,148.0,360.0,1.0,0,4209,8.344980368770571,4.997212273764115,1
321,0,1,0,1,0,1647,1762,181.0,360.0,1.0,2,3409,8.134174272137903,5.198497031265826,1
322,1,1,3,0,0,3400,0,80.0,120.0,1.0,2,3400,8.131530710604252,4.382026634673881,1
323,1,0,1,0,0,16000,5000,40.0,360.0,1.0,1,21000,9.95227771670556,3.6888794541139363,1
324,1,1,0,0,0,5333,0,90.0,360.0,1.0,0,5333,8.581669210600602,4.499809670330265,1
325,1,0,0,0,0,2875,2416,95.0,6.0,0.0,1,5291,8.57376254290413,4.553876891600541,0
326,1,1,1,1,0,2600,618,122.0,360.0,1.0,1,3218,8.076515327552329,4.804021044733257,1
327,1,1,2,0,0,5041,700,150.0,360.0,1.0,2,5741,8.655388690167637,5.0106352940962555,1
328,1,1,3,0,1,6958,1411,150.0,360.0,1.0,0,8369,9.032289682032873,5.0106352940962555,1
329,1,1,1,0,0,3500,1658,104.0,360.0,0.8254437869822485,1,5158,8.54830418644129,4.6443908991413725,1
330,1,1,0,0,0,5509,0,143.0,360.0,1.0,0,5509,8.614138397472717,4.962844630259907,1
331,1,1,3,0,0,9699,0,300.0,360.0,1.0,2,9699,9.179778066393542,5.703782474656201,1
332,0,1,1,1,0,3621,2717,171.0,360.0,1.0,2,6338,8.754318540250866,5.14166355650266,1
333,0,1,0,0,0,4709,0,113.0,360.0,1.0,1,4709,8.457230850243555,4.727387818712341,1
334,1,1,0,0,0,1516,1951,35.0,360.0,1.0,1,3467,8.151044945685024,3.5553480614894135,1
335,1,0,2,0,0,2400,0,46.0,360.0,1.0,2,2400,7.783224016336037,3.828641396489095,1
336,0,0,0,1,0,3015,2000,145.0,360.0,0.8254437869822485,2,5015,8.520188700396035,4.976733742420574,0
337,1,1,0,0,0,2292,1558,119.0,360.0,1.0,2,3850,8.25582842728183,4.77912349311153,1
338,1,1,1,0,1,2360,3355,87.0,240.0,1.0,0,5715,8.65084957622891,4.465908118654584,1
339,0,0,0,0,0,4333,2333,162.0,360.0,0.0,0,6666,8.804775258867686,5.087596335232384,0
340,1,1,0,0,1,2623,4831,122.0,180.0,1.0,1,7454,8.916506080039204,4.804021044733257,1
341,1,0,0,0,1,3972,4275,187.0,360.0,1.0,0,8247,9.017604776833355,5.231108616854587,1
342,1,1,3,1,0,3522,0,81.0,180.0,1.0,0,3522,8.166784289056151,4.394449154672439,1
343,1,1,1,0,0,4700,0,80.0,360.0,1.0,2,4700,8.45531778769815,4.382026634673881,1
344,1,0,0,0,0,6858,0,176.0,360.0,1.0,0,6858,8.833171133022866,5.170483995038151,1
345,1,1,3,0,0,8334,0,260.0,360.0,1.0,2,8334,9.0280988119824,5.560681631015528,1
346,1,1,0,0,0,3391,1966,133.0,360.0,0.0,0,5357,8.58615939588096,4.890349128221754,0
347,1,0,0,1,0,2868,0,70.0,360.0,1.0,2,2868,7.961370201719511,4.248495242049359,1
348,1,1,2,1,0,3418,1380,135.0,360.0,1.0,2,4798,8.47595444339964,4.90527477843843,1
349,1,1,0,0,1,2500,296,137.0,300.0,1.0,0,2796,7.935945103353701,4.919980925828125,1
350,1,1,2,0,0,8667,0,254.0,360.0,1.0,0,8667,9.067277989134345,5.537334267018537,1
351,1,0,0,0,0,2283,15000,106.0,360.0,0.8254437869822485,0,17283,9.757478638400492,4.663439094112067,0
352,1,1,0,0,0,5817,910,109.0,360.0,1.0,2,6727,8.813884558025606,4.6913478822291435,1
353,1,1,0,0,0,5119,3769,120.0,360.0,1.0,0,8888,9.092457331319466,4.787491742782046,1
354,1,1,3,1,0,5316,187,158.0,180.0,0.0,1,5503,8.613048677059759,5.062595033026967,0
355,1,1,3,0,0,7603,1213,197.0,360.0,1.0,2,8816,9.084323531392696,5.2832037287379885,1
356,1,1,1,0,0,3791,1936,85.0,360.0,1.0,2,5727,8.652947112393857,4.442651256490317,1
357,1,0,0,0,0,2500,0,60.0,360.0,1.0,2,2500,7.824046010856292,4.0943445622221,1
358,1,1,2,1,0,3132,0,76.0,360.0,0.8254437869822485,0,3132,8.049427057110695,4.330733340286331,1
359,1,0,0,0,0,4000,2667,152.0,360.0,1.0,1,6667,8.80492526261806,5.0238805208462765,1
360,0,1,0,0,0,8550,4255,96.0,360.0,0.8254437869822485,2,12805,9.457590998633625,4.564348191467836,1
361,1,1,1,0,0,2269,2167,99.0,360.0,1.0,1,4436,8.397508348470257,4.59511985013459,1
362,1,1,3,1,1,4009,1777,113.0,360.0,1.0,2,5786,8.66319648553608,4.727387818712341,1
363,1,1,0,0,0,4158,709,115.0,360.0,1.0,2,4867,8.490233009833455,4.74493212836325,1
364,1,0,0,0,0,3250,1993,126.0,360.0,0.8254437869822485,1,5243,8.564649132572534,4.836281906951478,1
365,1,1,0,0,0,5000,2393,158.0,360.0,1.0,0,7393,8.9082888855571,5.062595033026967,1
366,1,0,0,0,1,9200,0,98.0,180.0,1.0,0,9200,9.126958763037132,4.584967478670572,1
